runid,recall,precision,f-score
txt.0_ROUGE-3,0.01039,0.01886,0.0132
txt.100_ROUGE-3,0.00865,0.01103,0.00964
txt.101_ROUGE-3,0.01058,0.0132,0.01163
txt.102_ROUGE-3,0.01131,0.0138,0.0123
txt.103_ROUGE-3,0.01162,0.01499,0.01301
txt.104_ROUGE-3,0.01229,0.01553,0.01363
txt.105_ROUGE-3,0.01176,0.015,0.01307
txt.106_ROUGE-3,0.01075,0.01404,0.01207
txt.107_ROUGE-3,0.00788,0,0.01055
txt.108_ROUGE-3,0.01203,0.01618,0.01362
txt.109_ROUGE-3,0.01028,0.01384,0.01172
txt.10_ROUGE-3,0.00771,0.01492,0.01001
txt.110_ROUGE-3,0.00834,0.01065,0.00931
txt.111_ROUGE-3,0.00865,0.01128,0.00966
txt.112_ROUGE-3,0.008,0.00998,0.00881
txt.113_ROUGE-3,0.00979,0.01265,0.01096
txt.114_ROUGE-3,0.01135,0.01427,0.01251
txt.115_ROUGE-3,0.01071,0.01332,0.01178
txt.116_ROUGE-3,0.01049,0.01371,0.01176
txt.117_ROUGE-3,0.0119,0.01522,0.01321
txt.118_ROUGE-3,0.01073,0.01413,0.01212
txt.119_ROUGE-3,0.01099,0.01461,0.01243
txt.11_ROUGE-3,0.00822,0.01456,0.01036
txt.120_ROUGE-3,0.00903,0.01149,0.01003
txt.121_ROUGE-3,0.01085,0.0139,0.01214
txt.122_ROUGE-3,0.01039,0.01319,0.01158
txt.123_ROUGE-3,0.01061,0.01404,0.01199
txt.124_ROUGE-3,0.011,0.01401,0.01223
txt.125_ROUGE-3,0.01195,0.0149,0.01318
txt.126_ROUGE-3,0.01027,0.01292,0.01139
txt.127_ROUGE-3,0.00961,0.01212,0.01063
txt.128_ROUGE-3,0.01119,0.01479,0.01262
txt.129_ROUGE-3,0.01035,0.01372,0.01173
txt.12_ROUGE-3,0.00774,0.01417,0.00988
txt.130_ROUGE-3,0.01186,0.01481,0.01307
txt.131_ROUGE-3,0.0091,0.01138,0.01004
txt.132_ROUGE-3,0.01353,0.01692,0.01489
txt.133_ROUGE-3,0.01029,0.01296,0.0114
txt.134_ROUGE-3,0.01121,0.01458,0.01254
txt.135_ROUGE-3,0.00792,0.00977,0.00866
txt.136_ROUGE-3,0.00691,0.00853,0.00759
txt.137_ROUGE-3,0.00929,0.01164,0.01024
txt.138_ROUGE-3,0.00868,0.01151,0.00981
txt.139_ROUGE-3,0.00898,0.01124,0.0099
txt.13_ROUGE-3,0.00782,0.01469,0.01005
txt.140_ROUGE-3,0.01126,0.01393,0.01237
txt.141_ROUGE-3,0.01089,0.01336,0.0119
txt.142_ROUGE-3,0.00885,0.01106,0.00972
txt.143_ROUGE-3,0.00818,0.01053,0.00906
txt.144_ROUGE-3,0.01095,0.01322,0.01186
txt.145_ROUGE-3,0.01239,0.01488,0.01333
txt.146_ROUGE-3,0.0093,0.0113,0.01012
txt.147_ROUGE-3,0.01058,0.01294,0.0115
txt.148_ROUGE-3,0.01076,0.01375,0.01193
txt.149_ROUGE-3,0.01023,0.01252,0.01115
txt.14_ROUGE-3,0.00714,0.01312,0.00912
txt.150_ROUGE-3,0.01095,0.01335,0.01194
txt.151_ROUGE-3,0.01244,0.01585,0.01377
txt.152_ROUGE-3,0.00894,0.01072,0.00967
txt.153_ROUGE-3,0.01016,0.01364,0.01153
txt.154_ROUGE-3,0.01154,0.01496,0.01291
txt.155_ROUGE-3,0.00792,0.00913,0.00843
txt.156_ROUGE-3,0.00878,0.01069,0.00958
txt.157_ROUGE-3,0.01125,0.01312,0.01203
txt.158_ROUGE-3,0.00775,0,0
txt.159_ROUGE-3,0.0109,0.01331,0.01187
txt.15_ROUGE-3,0.01042,0.01751,0.0129
txt.160_ROUGE-3,0.01258,0.01521,0.01372
txt.161_ROUGE-3,0.0115,0.01298,0.01208
txt.162_ROUGE-3,0.01155,0.01387,0.01249
txt.163_ROUGE-3,0.01139,0.01358,0.01231
txt.164_ROUGE-3,0.01164,0.01378,0.01252
txt.165_ROUGE-3,0.0153,0.01635,0.01577
txt.166_ROUGE-3,0.01356,0.01479,0.0141
txt.167_ROUGE-3,0.01365,0.01531,0.0144
txt.168_ROUGE-3,0.01477,0.01594,0.01529
txt.169_ROUGE-3,0.01454,0.0156,0.01503
txt.16_ROUGE-3,0.00875,0.01672,0.01131
txt.170_ROUGE-3,0.01582,0.01722,0.01645
txt.171_ROUGE-3,0.01387,0.01482,0.01428
txt.172_ROUGE-3,0.01527,0.01589,0.01553
txt.173_ROUGE-3,0.0141,0.01512,0.01455
txt.174_ROUGE-3,0.01267,0.0136,0.01309
txt.175_ROUGE-3,0.01672,0.01818,0.01738
txt.176_ROUGE-3,0.0139,0.01536,0.01455
txt.177_ROUGE-3,0.01257,0.01412,0.01326
txt.178_ROUGE-3,0.01308,0.0145,0.01371
txt.179_ROUGE-3,0.01489,0.01672,0.01568
txt.180_ROUGE-3,0.01533,0.01643,0.01583
txt.181_ROUGE-3,0.0137,0.01477,0.01418
txt.182_ROUGE-3,0.01358,0.01503,0.01421
txt.183_ROUGE-3,0.0128,0.01406,0.01335
txt.184_ROUGE-3,0.01588,0.01717,0.01647
txt.185_ROUGE-3,0.01329,0.01427,0.01372
txt.186_ROUGE-3,0,0,0
txt.187_ROUGE-3,0.01154,0.01293,0.01216
txt.188_ROUGE-3,0.01374,0.01514,0.01437
txt.189_ROUGE-3,0.01008,0.01117,0.01055
txt.18_ROUGE-3,0.01061,0.01791,0.0131
txt.190_ROUGE-3,0.01135,0.01255,0.01189
txt.191_ROUGE-3,0.01213,0.01365,0.0128
txt.192_ROUGE-3,0.01294,0.01405,0.01343
txt.193_ROUGE-3,0.01088,0.01188,0.01132
txt.194_ROUGE-3,0.00975,0.01048,0.01007
txt.195_ROUGE-3,0.0129,0.01438,0.01354
txt.196_ROUGE-3,0.01168,0.01285,0.0122
txt.197_ROUGE-3,0.01164,0.01287,0.01219
txt.198_ROUGE-3,0.01165,0.01296,0.01223
txt.199_ROUGE-3,0.01215,0.01364,0.01279
txt.19_ROUGE-3,0.0098,0.01558,0.01174
txt.1_ROUGE-3,0.01305,0.02234,0.01614
txt.200_ROUGE-3,0.01452,0.01663,0.01543
txt.201_ROUGE-3,0.0136,0.01515,0.01429
txt.202_ROUGE-3,0.01284,0.01439,0.01353
txt.203_ROUGE-3,0.01116,0.01244,0.01168
txt.204_ROUGE-3,0.01045,0.01172,0.01099
txt.205_ROUGE-3,0.00973,0.01074,0.01019
txt.206_ROUGE-3,0.01016,0.01173,0.01083
txt.207_ROUGE-3,0.0119,0.01322,0.01246
txt.208_ROUGE-3,0.01066,0.01175,0.01116
txt.209_ROUGE-3,0.01111,0.01255,0.01176
txt.20_ROUGE-3,0.01031,0.01707,0.01257
txt.210_ROUGE-3,0.01278,0.01395,0.01329
txt.211_ROUGE-3,0.01421,0.01589,0.01495
txt.212_ROUGE-3,0.01598,0.01847,0.01709
txt.213_ROUGE-3,0.01347,0.01517,0.01422
txt.214_ROUGE-3,0.01405,0.01519,0.01454
txt.215_ROUGE-3,0,0,0
txt.216_ROUGE-3,0.01603,0.01752,0.0167
txt.217_ROUGE-3,0.01468,0.01589,0.01521
txt.218_ROUGE-3,0.01389,0.01603,0.01482
txt.219_ROUGE-3,0.01385,0.0148,0.01428
txt.21_ROUGE-3,0.00935,0.01646,0.01163
txt.220_ROUGE-3,0.01173,0.01277,0.01221
txt.221_ROUGE-3,0.01305,0.01431,0.01363
txt.222_ROUGE-3,0.01256,0.01401,0.01322
txt.223_ROUGE-3,0.01544,0.01645,0.01591
txt.224_ROUGE-3,0.01244,0.01313,0.01275
txt.225_ROUGE-3,0.01449,0.01686,0.01554
txt.226_ROUGE-3,0.01344,0.01456,0.01396
txt.227_ROUGE-3,0.0155,0.01696,0.01617
txt.228_ROUGE-3,0.01326,0.01478,0.01394
txt.229_ROUGE-3,0.01492,0.01672,0.01572
txt.22_ROUGE-3,0.01283,0.02055,0.01558
txt.230_ROUGE-3,0.0139,0.01495,0.01438
txt.231_ROUGE-3,0.01416,0.01569,0.01484
txt.233_ROUGE-3,0.01712,0.01868,0.01782
txt.234_ROUGE-3,0.01469,0.01577,0.01517
txt.235_ROUGE-3,0.01214,0.01363,0.01279
txt.236_ROUGE-3,0.01331,0.0146,0
txt.237_ROUGE-3,0.01233,0.0139,0.01303
txt.238_ROUGE-3,0.01252,0.01407,0.01321
txt.239_ROUGE-3,0.01191,0.01373,0.0127
txt.23_ROUGE-3,0.01071,0.01814,0.01315
txt.240_ROUGE-3,0.01192,0.01361,0.01269
txt.241_ROUGE-3,0.01254,0.01397,0.01319
txt.242_ROUGE-3,0.01011,0.01124,0.0106
txt.243_ROUGE-3,0.01193,0.01354,0.01263
txt.244_ROUGE-3,0.01328,0.0149,0.014
txt.245_ROUGE-3,0.01103,0.01267,0.01176
txt.246_ROUGE-3,0.0111,0.01232,0.01165
txt.247_ROUGE-3,0.01184,0.01336,0.01251
txt.248_ROUGE-3,0.01025,0.01092,0.01055
txt.249_ROUGE-3,0.01313,0.01501,0.01396
txt.24_ROUGE-3,0.00657,0.01243,0.00846
txt.250_ROUGE-3,0.01012,0.0111,0.01057
txt.251_ROUGE-3,0.01265,0.01467,0.01353
txt.252_ROUGE-3,0.01241,0.014,0.01311
txt.253_ROUGE-3,0.00901,0.01031,0.00959
txt.254_ROUGE-3,0.01268,0.0143,0.01341
txt.255_ROUGE-3,0.01065,0.01227,0.01137
txt.256_ROUGE-3,0.00743,0.00861,0.00794
txt.257_ROUGE-3,0.01088,0.01238,0.01156
txt.258_ROUGE-3,0.01209,0.0131,0.01253
txt.259_ROUGE-3,0.0113,0.01304,0.01204
txt.25_ROUGE-3,0.00603,0.0107,0.00758
txt.260_ROUGE-3,0.01002,0.01082,0.01036
txt.261_ROUGE-3,0.01102,0.01255,0.01169
txt.262_ROUGE-3,0.00787,0.00886,0.0083
txt.263_ROUGE-3,0.00997,0.01132,0.01055
txt.264_ROUGE-3,0.00922,0.01015,0.00965
txt.265_ROUGE-3,0.00827,0.00985,0.00896
txt.266_ROUGE-3,0.01289,0.01413,0.01342
txt.267_ROUGE-3,0.01164,0.01315,0.01227
txt.268_ROUGE-3,0.00987,0.01082,0.01029
txt.269_ROUGE-3,0.01166,0.01228,0.01194
txt.26_ROUGE-3,0.00638,0.01223,0.0082
txt.270_ROUGE-3,0.00933,0.00996,0.00961
txt.271_ROUGE-3,0.00974,0.0115,0.01049
txt.272_ROUGE-3,0.00867,0.00952,0.00904
txt.273_ROUGE-3,0.01024,0.0113,0.01071
txt.274_ROUGE-3,0.00785,0.00904,0.00837
txt.275_ROUGE-3,0.01047,0.01214,0.01118
txt.276_ROUGE-3,0.01003,0.01123,0.01056
txt.277_ROUGE-3,0.0058,0.00692,0.00629
txt.278_ROUGE-3,0.00706,0.0084,0.00764
txt.279_ROUGE-3,0.00821,0.00933,0.00871
txt.27_ROUGE-3,0.00602,0.01043,0.00756
txt.280_ROUGE-3,0.00633,0.00753,0.00685
txt.281_ROUGE-3,0.00793,0.01052,0.00894
txt.282_ROUGE-3,0.00874,0.01072,0.0096
txt.283_ROUGE-3,0.01061,0.01279,0.01153
txt.284_ROUGE-3,0.00694,0.00875,0.00768
txt.285_ROUGE-3,0.01045,0.01235,0.01127
txt.286_ROUGE-3,0.0131,0.01507,0.01396
txt.287_ROUGE-3,0.01049,0.01282,0.01144
txt.288_ROUGE-3,0.01149,0.01286,0.01212
txt.289_ROUGE-3,0.00845,0.01,0.00914
txt.28_ROUGE-3,0.00952,0.01602,0.0118
txt.290_ROUGE-3,0.00999,0.01153,0.01066
txt.291_ROUGE-3,0.00716,0.0084,0.00768
txt.292_ROUGE-3,0.01084,0.0132,0.01184
txt.293_ROUGE-3,0.00849,0.01041,0.00925
txt.294_ROUGE-3,0.01016,0.0118,0.01089
txt.295_ROUGE-3,0.00797,0.00935,0.00858
txt.296_ROUGE-3,0.01031,0.01265,0.01128
txt.297_ROUGE-3,0.00997,0.01198,0.01086
txt.298_ROUGE-3,0.0059,0.00718,0.00645
txt.299_ROUGE-3,0.00814,0.00989,0.0089
txt.29_ROUGE-3,0.00693,0.01321,0.00885
txt.2_ROUGE-3,0.00937,0.0182,0.01214
txt.300_ROUGE-3,0.00816,0.00995,0.00894
txt.301_ROUGE-3,0.00772,0.0087,0.00817
txt.302_ROUGE-3,0.0069,0.00812,0.00744
txt.303_ROUGE-3,0.00797,0.00907,0.00847
txt.304_ROUGE-3,0.00854,0.00913,0.00881
txt.305_ROUGE-3,0.00809,0.00958,0.00876
txt.306_ROUGE-3,0.00718,0.00795,0.00753
txt.307_ROUGE-3,0.0073,0.00743,0.00735
txt.308_ROUGE-3,0.0092,0.01062,0.00984
txt.309_ROUGE-3,0.00617,0.0068,0.00645
txt.30_ROUGE-3,0.00727,0.01388,0.00938
txt.310_ROUGE-3,0.0054,0.00594,0.00564
txt.311_ROUGE-3,0.00847,0.00894,0.00867
txt.312_ROUGE-3,0.00654,0.00718,0.00681
txt.313_ROUGE-3,0.00838,0.00899,0.00864
txt.314_ROUGE-3,0.00696,0.00726,0.00709
txt.315_ROUGE-3,0.00916,0.00962,0.00936
txt.316_ROUGE-3,0.01034,0.01168,0.01086
txt.317_ROUGE-3,0.00957,0.01038,0.00992
txt.318_ROUGE-3,0.01072,0.01194,0.01124
txt.319_ROUGE-3,0.01127,0.0127,0.01186
txt.31_ROUGE-3,0.00756,0.01418,0.00971
txt.320_ROUGE-3,0.00855,0.00923,0.00884
txt.321_ROUGE-3,0.01022,0.01118,0.01062
txt.322_ROUGE-3,0.01415,0.01531,0.01464
txt.323_ROUGE-3,0.0097,0.01035,0
txt.324_ROUGE-3,0.0108,0.01178,0.01125
txt.325_ROUGE-3,0.00797,0.00938,0.00859
txt.326_ROUGE-3,0.00917,0.01004,0.00958
txt.327_ROUGE-3,0.00478,0.00499,0.00488
txt.328_ROUGE-3,0.00917,0.00986,0.00949
txt.329_ROUGE-3,0.00785,0.00877,0.00827
txt.32_ROUGE-3,0.0067,0.01228,0.00862
txt.330_ROUGE-3,0.00851,0.00935,0.00889
txt.331_ROUGE-3,0,0,0
txt.332_ROUGE-3,0.00664,0.0074,0.00695
txt.333_ROUGE-3,0.00832,0.00902,0.00864
txt.334_ROUGE-3,0.00888,0.01006,0.00939
txt.335_ROUGE-3,0.00897,0.01013,0.00949
txt.336_ROUGE-3,0.00957,0.01095,0.01015
txt.337_ROUGE-3,0.01101,0.01165,0.01129
txt.338_ROUGE-3,0.00498,0.00598,0.0054
txt.339_ROUGE-3,0.0043,0.00514,0.00467
txt.33_ROUGE-3,0.00974,0.01637,0.01209
txt.340_ROUGE-3,0.00919,0.00985,0.00948
txt.341_ROUGE-3,0.00517,0.00617,0.00561
txt.342_ROUGE-3,0.01065,0.01191,0.0112
txt.343_ROUGE-3,0.00519,0.00596,0.00553
txt.344_ROUGE-3,0.00999,0.01069,0.01031
txt.345_ROUGE-3,0.00613,0.00674,0.00641
txt.346_ROUGE-3,0.00908,0.00957,0.00929
txt.347_ROUGE-3,0.00511,0.00521,0.00515
txt.348_ROUGE-3,0.00734,0.00801,0.00764
txt.349_ROUGE-3,0.00305,0.00317,0.00309
txt.34_ROUGE-3,0.00772,0.0158,0.01025
txt.350_ROUGE-3,0.00748,0.00799,0.00771
txt.351_ROUGE-3,0.0064,0.00706,0.0067
txt.352_ROUGE-3,0.0059,0.00631,0.00608
txt.353_ROUGE-3,0.00797,0.0084,0.00817
txt.354_ROUGE-3,0.00752,0.00827,0.00786
txt.355_ROUGE-3,0.00493,0.00529,0.00509
txt.356_ROUGE-3,0.00911,0.01042,0.00966
txt.357_ROUGE-3,0.00822,0.00969,0.0088
txt.358_ROUGE-3,0.008,0.01017,0.00886
txt.359_ROUGE-3,0.01149,0.01217,0.01178
txt.35_ROUGE-3,0.00649,0.01207,0.00832
txt.360_ROUGE-3,0.00763,0.00865,0.00808
txt.361_ROUGE-3,0.01076,0.01174,0.01115
txt.362_ROUGE-3,0.01077,0.01157,0.01113
txt.363_ROUGE-3,0.00874,0.00984,0.00922
txt.364_ROUGE-3,0.00966,0.01083,0.01014
txt.365_ROUGE-3,0.00831,0.00921,0.00872
txt.366_ROUGE-3,0.00539,0.00582,0.0056
txt.367_ROUGE-3,0.00471,0.00481,0.00475
txt.368_ROUGE-3,0.00423,0.00438,0.0043
txt.369_ROUGE-3,0.00338,0.00371,0.00354
txt.36_ROUGE-3,0.00594,0.01052,0.00751
txt.370_ROUGE-3,0.0043,0.00421,0.00425
txt.371_ROUGE-3,0.00614,0.00619,0.00616
txt.372_ROUGE-3,0.00909,0.00901,0.00904
txt.373_ROUGE-3,0.00671,0.00701,0.00685
txt.374_ROUGE-3,0.00691,0.00692,0.00691
txt.375_ROUGE-3,0.00913,0.00976,0.00942
txt.376_ROUGE-3,0.00912,0.00933,0.00922
txt.377_ROUGE-3,0.01143,0.01171,0.01156
txt.378_ROUGE-3,0.00789,0.008,0.00794
txt.379_ROUGE-3,0.01036,0.01106,0.01069
txt.37_ROUGE-3,0.00924,0.01484,0.01124
txt.380_ROUGE-3,0.01063,0.01122,0.0109
txt.381_ROUGE-3,0.01217,0.013,0.01256
txt.382_ROUGE-3,0.0109,0.01137,0.01111
txt.383_ROUGE-3,0.01142,0.01183,0.01162
txt.384_ROUGE-3,0.01146,0.01195,0.01169
txt.385_ROUGE-3,0.00893,0.00982,0.00933
txt.386_ROUGE-3,0.01195,0.01283,0.01235
txt.388_ROUGE-3,0.00935,0.00986,0.00959
txt.389_ROUGE-3,0.01087,0.01123,0.01101
txt.38_ROUGE-3,0.00696,0.01347,0.00907
txt.390_ROUGE-3,0.0102,0.01072,0.01045
txt.391_ROUGE-3,0.00992,0.01036,0.01012
txt.392_ROUGE-3,0.01503,0.01543,0.0152
txt.393_ROUGE-3,0.00851,0.00846,0.00848
txt.394_ROUGE-3,0.009,0.00963,0.0093
txt.395_ROUGE-3,0.00566,0.00606,0.00585
txt.396_ROUGE-3,0.00704,0.00745,0.00723
txt.397_ROUGE-3,0.00791,0.00817,0.00803
txt.398_ROUGE-3,0.00791,0.00853,0.0082
txt.399_ROUGE-3,0.00667,0.00748,0.00705
txt.39_ROUGE-3,0.00635,0.01187,0.00819
txt.3_ROUGE-3,0.00987,0.01824,0.01261
txt.400_ROUGE-3,0.01138,0.01175,0.01156
txt.401_ROUGE-3,0.00667,0.00685,0.00676
txt.402_ROUGE-3,0.00859,0.00905,0.00881
txt.403_ROUGE-3,0.01047,0.01096,0.01071
txt.404_ROUGE-3,0.01234,0.0134,0.01284
txt.405_ROUGE-3,0.01555,0.01642,0.01595
txt.406_ROUGE-3,0.01044,0.01079,0.0106
txt.407_ROUGE-3,0.00888,0.0097,0.00926
txt.408_ROUGE-3,0.01364,0.01419,0.0139
txt.409_ROUGE-3,0.00976,0.01064,0.01018
txt.40_ROUGE-3,0.00939,0.01532,0.01156
txt.410_ROUGE-3,0.01308,0.01438,0.01368
txt.411_ROUGE-3,0.00583,0.00646,0.00612
txt.412_ROUGE-3,0.01023,0.01086,0.01052
txt.413_ROUGE-3,0.01016,0.01089,0.01049
txt.414_ROUGE-3,0.01338,0.01387,0.01361
txt.415_ROUGE-3,0.01529,0.01632,0.01577
txt.416_ROUGE-3,0.01094,0.01137,0.01114
txt.417_ROUGE-3,0.01116,0.01129,0.01122
txt.418_ROUGE-3,0.01405,0.01486,0.01442
txt.419_ROUGE-3,0.00929,0.00985,0.00956
txt.41_ROUGE-3,0.00737,0.01379,0.00954
txt.420_ROUGE-3,0.02236,0.02535,0.02372
txt.421_ROUGE-3,0.01467,0.01513,0.01489
txt.422_ROUGE-3,0.01716,0.01884,0.01794
txt.423_ROUGE-3,0.01519,0.01777,0.01637
txt.424_ROUGE-3,0.02536,0.02597,0.02564
txt.425_ROUGE-3,0.01519,0.01607,0.01561
txt.427_ROUGE-3,0.01519,0.01606,0.01558
txt.428_ROUGE-3,0.02288,0.0236,0.02323
txt.429_ROUGE-3,0.0164,0.01725,0.0168
txt.42_ROUGE-3,0.0089,0.01406,0.01071
txt.430_ROUGE-3,0.01016,0.01179,0.0109
txt.431_ROUGE-3,0.01837,0.01963,0.01893
txt.432_ROUGE-3,0.0164,0.01766,0.017
txt.433_ROUGE-3,0.01588,0.01596,0.01591
txt.434_ROUGE-3,0.01362,0.01478,0.01417
txt.435_ROUGE-3,0.01589,0.01698,0.01638
txt.436_ROUGE-3,0.0134,0.01366,0.01352
txt.437_ROUGE-3,0.00611,0.00705,0.00655
txt.438_ROUGE-3,0.00808,0.009,0.00848
txt.439_ROUGE-3,0.01635,0.0172,0.01675
txt.43_ROUGE-3,0.0069,0.01336,0.00896
txt.440_ROUGE-3,0.01315,0.0139,0.0135
txt.441_ROUGE-3,0.01627,0.01809,0.01709
txt.442_ROUGE-3,0.02029,0.02017,0.02023
txt.443_ROUGE-3,0.01315,0.014,0.01356
txt.444_ROUGE-3,0.01068,0.01168,0.01114
txt.445_ROUGE-3,0.01428,0.01509,0.01466
txt.446_ROUGE-3,0.01521,0.01736,0.01621
txt.447_ROUGE-3,0.01521,0,0
txt.448_ROUGE-3,0.01521,0.01613,0.01566
txt.449_ROUGE-3,0.01521,0.01633,0.01573
txt.44_ROUGE-3,0.01008,0.01614,0.01228
txt.450_ROUGE-3,0.01521,0.01605,0.01562
txt.451_ROUGE-3,0.02646,0.03088,0.0285
txt.452_ROUGE-3,0.02646,0.03131,0.02859
txt.453_ROUGE-3,0.02775,0.03495,0.03088
txt.454_ROUGE-3,0.02775,0.02925,0.02848
txt.455_ROUGE-3,0.02775,0.03125,0.0294
txt.456_ROUGE-3,0.02775,0.03163,0.02953
txt.457_ROUGE-3,0.02775,0.03015,0.02889
txt.458_ROUGE-3,0.02775,0.02953,0.02859
txt.459_ROUGE-3,0.02775,0.03178,0.02961
txt.45_ROUGE-3,0.01327,0.01686,0.01475
txt.460_ROUGE-3,0.02775,0.02768,0.02771
txt.461_ROUGE-3,0.0165,0.01887,0.0176
txt.462_ROUGE-3,0.0165,0.01868,0.01749
txt.463_ROUGE-3,0.0165,0.01944,0.01777
txt.464_ROUGE-3,0.01521,0.01615,0.01565
txt.465_ROUGE-3,0.01521,0.01676,0.01595
txt.466_ROUGE-3,0.01896,0.02173,0.02023
txt.467_ROUGE-3,0.01896,0.0192,0.01908
txt.468_ROUGE-3,0.01896,0.02042,0.01965
txt.469_ROUGE-3,0.01896,0.01909,0.01902
txt.46_ROUGE-3,0.01279,0.01674,0.01437
txt.470_ROUGE-3,0.01896,0.02031,0.01959
txt.471_ROUGE-3,0.00771,0.00758,0.00764
txt.472_ROUGE-3,0.00771,0.00773,0.00772
txt.473_ROUGE-3,0.00771,0.00842,0.00805
txt.474_ROUGE-3,0.00128,0.0016,0.00143
txt.475_ROUGE-3,0.00128,0.0016,0.00143
txt.476_ROUGE-3,0.01254,0.01415,0.01329
txt.477_ROUGE-3,0.01254,0.01521,0.01375
txt.478_ROUGE-3,0.01254,0.01612,0.0141
txt.479_ROUGE-3,0.01254,0.01312,0.01282
txt.47_ROUGE-3,0.01316,0.01651,0.01454
txt.480_ROUGE-3,0.01254,0.0134,0.01295
txt.481_ROUGE-3,0.01254,0.01435,0.01338
txt.482_ROUGE-3,0.01254,0.01308,0.01279
txt.483_ROUGE-3,0.01254,0.01327,0.01289
txt.484_ROUGE-3,0.01254,0.0142,0.01332
txt.485_ROUGE-3,0.01254,0.01252,0.01251
txt.486_ROUGE-3,0.00128,0.00136,0.00132
txt.487_ROUGE-3,0.00128,0.00149,0.00138
txt.488_ROUGE-3,0,0,0
txt.489_ROUGE-3,0,0,0
txt.48_ROUGE-3,0.01151,0.01435,0.01268
txt.490_ROUGE-3,0,0,0
txt.491_ROUGE-3,0.01125,0.01172,0.01148
txt.492_ROUGE-3,0.01125,0.0125,0.01184
txt.493_ROUGE-3,0.01125,0,0
txt.494_ROUGE-3,0.01125,0.01114,0.01119
txt.495_ROUGE-3,0.01125,0.01184,0.01154
txt.496_ROUGE-3,0.01125,0.01103,0.01114
txt.497_ROUGE-3,0.01125,0.01172,0.01148
txt.498_ROUGE-3,0,0,0
txt.499_ROUGE-3,0,0,0
txt.49_ROUGE-3,0.01278,0.01609,0.01414
txt.4_ROUGE-3,0.00917,0.01622,0.01154
txt.500_ROUGE-3,0,0,0
txt.501_ROUGE-3,0,0,0
txt.502_ROUGE-3,0,0,0
txt.503_ROUGE-3,0.01125,0.01308,0.0121
txt.504_ROUGE-3,0.01125,0.01372,0.01236
txt.505_ROUGE-3,0.01125,0.0148,0.01279
txt.506_ROUGE-3,0.01125,0.01236,0.01178
txt.507_ROUGE-3,0.01125,0.01223,0.01172
txt.508_ROUGE-3,0.00128,0.00152,0.0014
txt.509_ROUGE-3,0.02004,0.01986,0.01995
txt.50_ROUGE-3,0.01211,0.01518,0.01337
txt.510_ROUGE-3,0.02004,0.02075,0.02038
txt.511_ROUGE-3,0.00878,0.00942,0.00908
txt.512_ROUGE-3,0.02004,0.01986,0.01995
txt.513_ROUGE-3,0.02004,0.02116,0.02058
txt.514_ROUGE-3,0.00878,0.0091,0.00892
txt.515_ROUGE-3,0.01254,0.01284,0.01268
txt.516_ROUGE-3,0.01254,0.01252,0.01252
txt.517_ROUGE-3,0.00257,0.00272,0.00264
txt.518_ROUGE-3,0.00257,0.00305,0.00279
txt.519_ROUGE-3,0.00257,0.0026,0.00258
txt.51_ROUGE-3,0.01498,0.01803,0.01628
txt.520_ROUGE-3,0.00257,0.00284,0.0027
txt.521_ROUGE-3,0.00257,0.0026,0.00258
txt.522_ROUGE-3,0.00257,0.00284,0.0027
txt.523_ROUGE-3,0,0,0
txt.524_ROUGE-3,0,0,0
txt.525_ROUGE-3,0,0,0
txt.526_ROUGE-3,0,0,0
txt.527_ROUGE-3,0,0,0
txt.528_ROUGE-3,0,0,0
txt.529_ROUGE-3,0,0,0
txt.52_ROUGE-3,0.01467,0.01901,0.01643
txt.530_ROUGE-3,0,0,0
txt.531_ROUGE-3,0,0,0
txt.532_ROUGE-3,0,0,0
txt.533_ROUGE-3,0,0,0
txt.534_ROUGE-3,0,0,0
txt.535_ROUGE-3,0,0,0
txt.536_ROUGE-3,0,0,0
txt.537_ROUGE-3,0.00257,0.00313,0.00282
txt.538_ROUGE-3,0.00257,0.00266,0.00261
txt.539_ROUGE-3,0.00257,0.00291,0.00273
txt.53_ROUGE-3,0.01284,0.01666,0.01431
txt.540_ROUGE-3,0.00257,0.00329,0.00289
txt.541_ROUGE-3,0.00257,0.00266,0.00261
txt.542_ROUGE-3,0.00257,0.00291,0.00273
txt.543_ROUGE-3,0.00257,0.00329,0.00289
txt.544_ROUGE-3,0.00257,0.0025,0.00253
txt.545_ROUGE-3,0.00257,0.00278,0.00267
txt.546_ROUGE-3,0.00257,0.00305,0.00279
txt.547_ROUGE-3,0.00257,0.00255,0.00256
txt.548_ROUGE-3,0.00257,0.00278,0.00267
txt.549_ROUGE-3,0.00257,0.00313,0.00282
txt.54_ROUGE-3,0.01383,0.01759,0.01534
txt.550_ROUGE-3,0.00257,0.00266,0.00261
txt.551_ROUGE-3,0.00257,0.00291,0.00273
txt.552_ROUGE-3,0.00257,0.00266,0.00261
txt.553_ROUGE-3,0.00257,0.00291,0.00273
txt.554_ROUGE-3,0.00257,0.0025,0.00253
txt.555_ROUGE-3,0,0,0
txt.556_ROUGE-3,0,0,0
txt.557_ROUGE-3,0,0,0
txt.558_ROUGE-3,0,0,0
txt.559_ROUGE-3,0,0,0
txt.55_ROUGE-3,0.01108,0.01405,0.01227
txt.560_ROUGE-3,0,0,0
txt.561_ROUGE-3,0,0,0
txt.562_ROUGE-3,0,0,0
txt.563_ROUGE-3,0,0,0
txt.564_ROUGE-3,0,0,0
txt.565_ROUGE-3,0,0,0
txt.566_ROUGE-3,0,0,0
txt.567_ROUGE-3,0,0,0
txt.568_ROUGE-3,0,0,0
txt.569_ROUGE-3,0,0,0
txt.56_ROUGE-3,0.01304,0.01628,0.01432
txt.570_ROUGE-3,0.00257,0.00255,0.00256
txt.571_ROUGE-3,0.00257,0.00278,0.00267
txt.572_ROUGE-3,0.00257,0.00313,0.00282
txt.573_ROUGE-3,0.00257,0.00266,0.00261
txt.574_ROUGE-3,0.00257,0.00291,0.00273
txt.575_ROUGE-3,0.00257,0.00266,0.00261
txt.576_ROUGE-3,0.00257,0.00291,0.00273
txt.577_ROUGE-3,0.00257,0.0025,0.00253
txt.578_ROUGE-3,0.00257,0.00255,0.00256
txt.579_ROUGE-3,0.00257,0.00278,0.00267
txt.57_ROUGE-3,0.01292,0.01641,0.01438
txt.580_ROUGE-3,0,0,0
txt.581_ROUGE-3,0,0,0
txt.582_ROUGE-3,0,0,0
txt.583_ROUGE-3,0,0,0
txt.584_ROUGE-3,0,0,0
txt.585_ROUGE-3,0,0,0
txt.586_ROUGE-3,0.01799,0.01768,0.01783
txt.587_ROUGE-3,0.01799,0.01768,0.01783
txt.588_ROUGE-3,0,0,0
txt.589_ROUGE-3,0.01799,0.01768,0.01783
txt.58_ROUGE-3,0.01357,0.01705,0.01502
txt.590_ROUGE-3,0.01799,0.01768,0.01783
txt.591_ROUGE-3,0.01542,0.01596,0.01569
txt.592_ROUGE-3,0.01542,0.015,0.01521
txt.593_ROUGE-3,0.01542,0.01667,0.01602
txt.594_ROUGE-3,0.01542,0.015,0.01521
txt.595_ROUGE-3,0.01542,0.01667,0.01602
txt.596_ROUGE-3,0.01542,0.01562,0.01552
txt.597_ROUGE-3,0.01542,0.01596,0.01569
txt.598_ROUGE-3,0.01542,0.015,0.01521
txt.599_ROUGE-3,0.01542,0.015,0.01521
txt.59_ROUGE-3,0.01392,0.01778,0.01545
txt.5_ROUGE-3,0.00925,0.01638,0.01168
txt.600_ROUGE-3,0.01799,0.01768,0.01783
txt.601_ROUGE-3,0.01799,0.01768,0.01783
txt.602_ROUGE-3,0.01542,0.01596,0.01569
txt.603_ROUGE-3,0.01542,0.015,0.01521
txt.604_ROUGE-3,0.01542,0.015,0.01521
txt.605_ROUGE-3,0.01799,0.01804,0.01801
txt.606_ROUGE-3,0.01799,0.01804,0.01801
txt.607_ROUGE-3,0.01542,0.0163,0.01585
txt.608_ROUGE-3,0.01542,0.01531,0.01536
txt.609_ROUGE-3,0.01542,0.01531,0.01536
txt.60_ROUGE-3,0.01385,0.0177,0.01539
txt.610_ROUGE-3,0.00257,0.00263,0.0026
txt.611_ROUGE-3,0.00257,0.00275,0.00266
txt.612_ROUGE-3,0.00257,0.00275,0.00266
txt.613_ROUGE-3,0.00257,0.00258,0.00257
txt.614_ROUGE-3,0.00257,0.00263,0.0026
txt.615_ROUGE-3,0,0,0
txt.616_ROUGE-3,0,0,0
txt.617_ROUGE-3,0,0,0
txt.618_ROUGE-3,0,0,0
txt.619_ROUGE-3,0,0,0
txt.61_ROUGE-3,0.01295,0.0163,0.01429
txt.620_ROUGE-3,0.00257,0.00263,0.0026
txt.621_ROUGE-3,0,0,0
txt.622_ROUGE-3,0.00257,0.00269,0.00263
txt.623_ROUGE-3,0.00257,0.00253,0.00255
txt.624_ROUGE-3,0.00257,0.00253,0.00255
txt.625_ROUGE-3,0,0,0
txt.62_ROUGE-3,0.01653,0.01984,0.01788
txt.63_ROUGE-3,0.0132,0.01661,0.01458
txt.64_ROUGE-3,0.01566,0.01843,0.0168
txt.65_ROUGE-3,0.01433,0.01814,0.01579
txt.66_ROUGE-3,0.01144,0.01492,0.01279
txt.67_ROUGE-3,0.01175,0.01476,0.01299
txt.68_ROUGE-3,0.01238,0.01514,0.01349
txt.69_ROUGE-3,0.0137,0.01639,0.01482
txt.6_ROUGE-3,0.00892,0.0161,0.01128
txt.70_ROUGE-3,0.01199,0.01578,0.01347
txt.71_ROUGE-3,0.01052,0.01336,0.01166
txt.72_ROUGE-3,0.0095,0.01212,0.01058
txt.73_ROUGE-3,0.01121,0.0142,0.01246
txt.74_ROUGE-3,0.01074,0.01414,0.01208
txt.75_ROUGE-3,0.00973,0.01245,0.01086
txt.76_ROUGE-3,0.01129,0.01419,0.01252
txt.77_ROUGE-3,0.00947,0.0123,0.0106
txt.78_ROUGE-3,0.01266,0.01526,0.01375
txt.79_ROUGE-3,0.01018,0.0134,0.01148
txt.7_ROUGE-3,0.01189,0.01958,0.01464
txt.80_ROUGE-3,0.01165,0.01458,0.01287
txt.81_ROUGE-3,0.01017,0.01392,0.01164
txt.82_ROUGE-3,0.0112,0.01438,0.01251
txt.83_ROUGE-3,0.0104,0.01304,0.01148
txt.84_ROUGE-3,0.01425,0.01785,0.01571
txt.85_ROUGE-3,0.01319,0.01579,0.01426
txt.86_ROUGE-3,0.0148,0.01818,0.01616
txt.87_ROUGE-3,0.01315,0.01693,0.01468
txt.88_ROUGE-3,0.01439,0.01732,0.01562
txt.89_ROUGE-3,0.01465,0.01711,0.01567
txt.8_ROUGE-3,0.00994,0.01804,0.01265
txt.90_ROUGE-3,0.01044,0.0138,0.01178
txt.91_ROUGE-3,0.00998,0.01256,0.01104
txt.92_ROUGE-3,0.01071,0.01354,0.01186
txt.93_ROUGE-3,0.00995,0.01411,0.01159
txt.94_ROUGE-3,0.01126,0.01362,0.01221
txt.95_ROUGE-3,0.01387,0.01737,0.01529
txt.96_ROUGE-3,0.01198,0.01445,0.01303
txt.97_ROUGE-3,0.01177,0.01444,0.01288
txt.98_ROUGE-3,0.01499,0.01847,0.01641
txt.99_ROUGE-3,0.00805,0.01045,0.00896
txt.9_ROUGE-3,0.0111,0.01922,0.01387
